id,c_date,campaign_name,category,campaign_id,impressions,mark_spent,clicks,leads,orders,revenue,ROMI%,CTR %,CR1(LC)%,CR2(OL)%,AVERAGE ORDER VALUE,COST PER CLICK,COST PER LEAD,GROSS PROFIT,CAC
1,2/1/2021,facebook_tier1,social,349043,148263,"?7,307.37",1210,13,1,"?4,981.00",-0.318%,0.0082%,0.01074%,0.0769%,"?4,981.00",?6.04,?562.11,"-?2,326.37","?7,307.37"
2,2/1/2021,facebOOK_tier2,social,348934,220688,"?16,300.20",1640,48,3,"?14,962.00",-0.082%,0.0074%,0.02927%,0.0625%,"?4,987.33",?9.94,?339.59,"-?1,338.20","?5,433.40"
3,2/1/2021,google_hot,search,89459845,22850,"?5,221.60",457,9,1,"?7,981.00",0.528%,0.0200%,0.01969%,0.1111%,"?7,981.00",?11.43,?580.18,"?2,759.40","?5,221.60"
4,2/1/2021,google_wide,search,127823,147038,"?6,037.00",1196,24,1,"?2,114.00",-0.650%,0.0081%,0.02007%,0.0417%,"?2,114.00",?5.05,?251.54,"-?3,923.00","?6,037.00"
5,2/1/2021,youtube_blogger,influencer,10934,225800,"?29,962.20",2258,49,10,"?84,490.00",1.820%,0.0100%,0.02170%,0.2041%,"?8,449.00",?13.27,?611.47,"?54,527.80","?2,996.22"
6,2/1/2021,instagram_tier1,social,9034945,444857,"?9,540.01",1342,27,3,"?17,943.00",0.881%,0.0030%,0.02012%,0.1111%,"?5,981.00",?7.11,?353.33,"?8,402.99","?3,180.00"
7,2/1/2021,instagram_tier2,social,983498,511200,"?3,648.90",2556,94,1,"?1,981.00",-0.457%,0.0050%,0.03678%,0.0106%,"?1,981.00",?1.43,?38.82,"-?1,667.90","?3,648.90"
8,2/1/2021,facebook_retargeting,social,4387490,5544,"?1,293.55",148,3,1,"?4,981.00",2.851%,0.0267%,0.02027%,0.3333%,"?4,981.00",?8.74,?431.18,"?3,687.45","?1,293.55"
9,2/1/2021,facebook_lal,social,544756,56916,"?16,997.80",596,14,2,"?4,162.00",-0.755%,0.0105%,0.02349%,0.1429%,"?2,081.00",?28.52,"?1,214.13","-?12,835.80","?8,498.90"
10,2/1/2021,instagram_blogger,influencer,374754,120436,"?23,604.10",1498,49,7,"?39,081.00",0.656%,0.0124%,0.03271%,0.1429%,"?5,583.00",?15.76,?481.72,"?15,476.90","?3,372.01"
11,2/1/2021,banner_partner,media,39889,20900000,?931.99,2090,3,0,?0.00,-1.000%,0.0001%,0.00144%,0.0000%,?0.00,?0.45,?310.66,-?931.99,?0.00
12,2/2/2021,facebook_tier1,social,349043,478200,"?18,385.30",2391,48,4,"?17,812.00",-0.031%,0.0050%,0.02008%,0.0833%,"?4,453.00",?7.69,?383.03,-?573.30,"?4,596.33"
13,2/2/2021,facebOOK_tier2,social,348934,957806,"?2,198.05",3294,10,0,?0.00,-1.000%,0.0034%,0.00304%,0.0000%,?0.00,?0.67,?219.81,"-?2,198.05",?0.00
14,2/2/2021,google_hot,search,89459845,43806,"?11,446.70",907,18,3,"?23,943.00",1.092%,0.0207%,0.01985%,0.1667%,"?7,981.00",?12.62,?635.93,"?12,496.30","?3,815.57"
15,2/2/2021,google_wide,search,127823,314704,"?15,153.60",2395,39,4,"?12,540.00",-0.172%,0.0076%,0.01628%,0.1026%,"?3,135.00",?6.33,?388.55,"-?2,613.60","?3,788.40"
16,2/2/2021,youtube_blogger,influencer,10934,449200,"?42,301.10",4492,85,17,"?149,141.00",2.526%,0.0100%,0.01892%,0.2000%,"?8,773.00",?9.42,?497.66,"?106,839.90","?2,488.30"
17,2/2/2021,instagram_tier1,social,9034945,540200,"?29,081.10",2701,54,9,"?45,585.00",0.568%,0.0050%,0.01999%,0.1667%,"?5,065.00",?10.77,?538.54,"?16,503.90","?3,231.23"
18,2/2/2021,instagram_tier2,social,983498,1020800,"?1,421.34",5104,14,0,?0.00,-1.000%,0.0050%,0.00274%,0.0000%,?0.00,?0.28,?101.52,"-?1,421.34",?0.00
19,2/2/2021,facebook_retargeting,social,4387490,10033,?169.75,301,0,0,?0.00,-1.000%,0.0300%,0.00000%,#DIV/0!,?0.00,?0.56,?0.00,-?169.75,?0.00
20,2/2/2021,facebook_lal,social,544756,107553,"?8,829.07",1196,7,1,"?1,129.00",-0.872%,0.0111%,0.00585%,0.1429%,"?1,129.00",?7.38,"?1,261.30","-?7,700.07","?8,829.07"
21,2/2/2021,instagram_blogger,influencer,374754,299600,"?13,919.10",2996,19,3,"?14,466.00",0.039%,0.0100%,0.00634%,0.1579%,"?4,822.00",?4.65,?732.58,?546.90,"?4,639.70"
22,2/2/2021,banner_partner,media,39889,42000000,"?46,159.80",4200,92,13,"?51,753.00",0.121%,0.0001%,0.02190%,0.1413%,"?3,981.00",?10.99,?501.74,"?5,593.20","?3,550.75"
23,2/3/2021,facebook_tier1,social,349043,2313889,"?65,284.40",7197,115,13,"?72,527.00",0.111%,0.0031%,0.01598%,0.1130%,"?5,579.00",?9.07,?567.69,"?7,242.60","?5,021.88"
24,2/3/2021,facebOOK_tier2,social,348934,1105666,"?78,958.30",9898,226,12,"?59,772.00",-0.243%,0.0090%,0.02283%,0.0531%,"?4,981.00",?7.98,?349.37,"-?19,186.30","?6,579.86"
25,2/3/2021,google_hot,search,89459845,134900,"?77,345.50",2698,84,16,"?115,856.00",0.498%,0.0200%,0.03113%,0.1905%,"?7,241.00",?28.67,?920.78,"?38,510.50","?4,834.09"
26,2/3/2021,google_wide,search,127823,4371854,"?49,498.90",7207,144,13,"?38,753.00",-0.217%,0.0016%,0.01998%,0.0903%,"?2,981.00",?6.87,?343.74,"-?10,745.90","?3,807.61"
27,2/3/2021,youtube_blogger,influencer,10934,1035261,"?189,341.00",13503,455,91,"?772,499.00",3.080%,0.0130%,0.03370%,0.2000%,"?8,489.00",?14.02,?416.13,"?583,158.00","?2,080.67"
28,2/3/2021,instagram_tier1,social,9034945,1618600,"?62,509.80",8093,166,15,"?84,600.00",0.353%,0.0050%,0.02051%,0.0904%,"?5,640.00",?7.72,?376.57,"?22,090.20","?4,167.32"
29,2/3/2021,instagram_tier2,social,983498,3059600,"?94,399.90",15298,592,36,"?104,184.00",0.104%,0.0050%,0.03870%,0.0608%,"?2,894.00",?6.17,?159.46,"?9,784.10","?2,622.22"
30,2/3/2021,facebook_retargeting,social,4387490,29867,"?5,039.51",896,18,4,"?23,560.00",3.675%,0.0300%,0.02009%,0.2222%,"?5,890.00",?5.62,?279.97,"?18,520.49","?1,259.88"
31,2/3/2021,facebook_lal,social,544756,295009,"?76,716.40",3595,72,9,"?5,607.00",-0.927%,0.0122%,0.02003%,0.1250%,?623.00,?21.34,"?1,065.51","-?71,109.40","?8,524.04"
32,2/3/2021,instagram_blogger,influencer,374754,667352,"?194,336.00",8996,342,51,"?254,031.00",0.307%,0.0135%,0.03802%,0.1491%,"?4,981.00",?21.60,?568.23,"?59,695.00","?3,810.51"
33,2/3/2021,banner_partner,media,39889,125910000,"?29,378.30",12591,68,13,"?51,753.00",0.762%,0.0001%,0.00540%,0.1912%,"?3,981.00",?2.33,?432.03,"?22,374.70","?2,259.87"
34,2/4/2021,facebook_tier1,social,349043,2475754,"?173,914.00",9601,192,31,"?154,411.00",-0.112%,0.0039%,0.02000%,0.1615%,"?4,981.00",?18.11,?905.80,"-?19,503.00","?5,610.13"
35,2/4/2021,facebOOK_tier2,social,348934,4597702,"?115,389.00",13206,143,17,"?82,909.00",-0.281%,0.0029%,0.01083%,0.1189%,"?4,877.00",?8.74,?806.92,"-?32,480.00","?6,787.59"
36,2/4/2021,google_hot,search,89459845,196484,"?41,269.60",3599,55,9,"?68,589.00",0.662%,0.0183%,0.01528%,0.1636%,"?7,621.00",?11.47,?750.36,"?27,319.40","?4,585.51"
37,2/4/2021,google_wide,search,127823,1531679,"?60,108.80",9591,234,17,"?58,990.00",-0.019%,0.0063%,0.02440%,0.0726%,"?3,470.00",?6.27,?256.88,"-?1,118.80","?3,535.81"
38,2/4/2021,youtube_blogger,influencer,10934,2120555,"?185,263.00",17993,445,89,"?624,958.00",2.373%,0.0085%,0.02473%,0.2000%,"?7,022.00",?10.30,?416.32,"?439,695.00","?2,081.61"
39,2/4/2021,instagram_tier1,social,9034945,1322751,"?104,028.00",10794,238,27,"?179,037.00",0.721%,0.0082%,0.02205%,0.1134%,"?6,631.00",?9.64,?437.09,"?75,009.00","?3,852.89"
40,2/4/2021,instagram_tier2,social,983498,3008227,"?40,119.20",20392,408,12,"?23,772.00",-0.407%,0.0068%,0.02001%,0.0294%,"?1,981.00",?1.97,?98.33,"-?16,347.20","?3,343.27"
41,2/4/2021,facebook_retargeting,social,4387490,43160,?885.75,1194,4,1,"?5,287.00",4.969%,0.0277%,0.00335%,0.2500%,"?5,287.00",?0.74,?221.44,"?4,401.25",?885.75
42,2/4/2021,facebook_lal,social,544756,432611,"?120,335.00",4807,71,13,"?6,864.00",-0.943%,0.0111%,0.01477%,0.1831%,?528.00,?25.03,"?1,694.86","-?113,471.00","?9,256.54"
43,2/4/2021,instagram_blogger,influencer,374754,1199300,"?149,279.00",11993,267,38,"?224,542.00",0.504%,0.0100%,0.02226%,0.1423%,"?5,909.00",?12.45,?559.10,"?75,263.00","?3,928.39"
44,2/4/2021,banner_partner,media,39889,41924802,"?177,746.00",16806,336,60,"?204,540.00",0.151%,0.0004%,0.01999%,0.1786%,"?3,409.00",?10.58,?529.01,"?26,794.00","?2,962.43"
45,2/5/2021,facebook_tier1,social,349043,3462883,"?90,691.70",11997,143,17,"?84,677.00",-0.066%,0.0035%,0.01192%,0.1189%,"?4,981.00",?7.56,?634.21,"-?6,014.70","?5,334.81"
46,2/5/2021,facebOOK_tier2,social,348934,3299600,"?261,047.00",16498,330,42,"?209,202.00",-0.199%,0.0050%,0.02000%,0.1273%,"?4,981.00",?15.82,?791.05,"-?51,845.00","?6,215.40"
47,2/5/2021,google_hot,search,89459845,236719,"?96,930.60",4504,151,23,"?177,882.00",0.835%,0.0190%,0.03353%,0.1523%,"?7,734.00",?21.52,?641.92,"?80,951.40","?4,214.37"
48,2/5/2021,google_wide,search,127823,9914040,"?56,875.20",11993,139,14,"?49,644.00",-0.127%,0.0012%,0.01159%,0.1007%,"?3,546.00",?4.74,?409.17,"-?7,231.20","?4,062.51"
49,2/5/2021,youtube_blogger,influencer,10934,1965108,"?442,617.00",22507,731,146,"?1,165,230.00",1.633%,0.0115%,0.03248%,0.1997%,"?7,981.03",?19.67,?605.50,"?722,613.00","?3,031.62"
50,2/5/2021,instagram_tier1,social,9034945,7485780,"?258,306.00",13498,526,76,"?454,556.00",0.760%,0.0018%,0.03897%,0.1445%,"?5,981.00",?19.14,?491.08,"?196,250.00","?3,398.76"
51,2/5/2021,instagram_tier2,social,983498,5100600,"?13,588.80",25503,765,4,"?7,924.00",-0.417%,0.0050%,0.03000%,0.0052%,"?1,981.00",?0.53,?17.76,"-?5,664.80","?3,397.20"
52,2/5/2021,facebook_retargeting,social,4387490,48954,"?6,790.74",1505,30,5,"?27,060.00",2.985%,0.0307%,0.01993%,0.1667%,"?5,412.00",?4.51,?226.36,"?20,269.26","?1,358.15"
53,2/5/2021,facebook_lal,social,544756,600400,"?192,789.00",6004,120,21,"?9,492.00",-0.951%,0.0100%,0.01999%,0.1750%,?452.00,?32.11,"?1,606.58","-?183,297.00","?9,180.43"
54,2/5/2021,instagram_blogger,influencer,374754,2153303,"?36,431.70",15003,51,8,"?47,816.00",0.312%,0.0070%,0.00340%,0.1569%,"?5,977.00",?2.43,?714.35,"?11,384.30","?4,553.96"
55,2/5/2021,banner_partner,media,39889,8238872,"?427,922.00",20997,796,119,"?471,240.00",0.101%,0.0025%,0.03791%,0.1495%,"?3,960.00",?20.38,?537.59,"?43,318.00","?3,595.98"
56,2/6/2021,facebook_tier1,social,349043,310024,"?40,407.90",2391,76,9,"?46,152.00",0.142%,0.0077%,0.03179%,0.1184%,"?5,128.00",?16.90,?531.68,"?5,744.10","?4,489.77"
57,2/6/2021,facebOOK_tier2,social,348934,448321,"?62,272.60",3302,108,9,"?44,829.00",-0.280%,0.0074%,0.03271%,0.0833%,"?4,981.00",?18.86,?576.60,"-?17,443.60","?6,919.18"
58,2/6/2021,google_hot,search,89459845,44950,"?6,768.87",899,13,1,"?8,136.00",0.202%,0.0200%,0.01446%,0.0769%,"?8,136.00",?7.53,?520.68,"?1,367.13","?6,768.87"
59,2/6/2021,google_wide,search,127823,478400,"?22,542.00",2392,48,6,"?13,152.00",-0.417%,0.0050%,0.02007%,0.1250%,"?2,192.00",?9.42,?469.63,"-?9,390.00","?3,757.00"
60,2/6/2021,youtube_blogger,influencer,10934,472252,"?80,971.40",4508,133,27,"?215,487.00",1.661%,0.0095%,0.02950%,0.2030%,"?7,981.00",?17.96,?608.81,"?134,515.60","?2,998.94"
61,2/6/2021,instagram_tier1,social,9034945,425467,"?3,661.53",2695,14,1,"?5,958.00",0.627%,0.0063%,0.00519%,0.0714%,"?5,958.00",?1.36,?261.54,"?2,296.47","?3,661.53"
62,2/6/2021,instagram_tier2,social,983498,1589341,"?12,183.40",5092,102,5,"?12,295.00",0.009%,0.0032%,0.02003%,0.0490%,"?2,459.00",?2.39,?119.45,?111.60,"?2,436.68"
63,2/6/2021,facebook_retargeting,social,4387490,10200,"?1,420.15",306,6,1,"?5,492.00",2.867%,0.0300%,0.01961%,0.1667%,"?5,492.00",?4.64,?236.69,"?4,071.85","?1,420.15"
64,2/6/2021,facebook_lal,social,544756,119700,"?29,281.00",1197,24,4,"?6,428.00",-0.780%,0.0100%,0.02005%,0.1667%,"?1,607.00",?24.46,"?1,220.04","-?22,853.00","?7,320.25"
65,2/6/2021,instagram_blogger,influencer,374754,300700,"?8,289.21",3007,20,2,"?9,450.00",0.140%,0.0100%,0.00665%,0.1000%,"?4,725.00",?2.76,?414.46,"?1,160.79","?4,144.61"
66,2/6/2021,banner_partner,media,39889,42070000,"?38,185.20",4207,84,10,"?48,820.00",0.279%,0.0001%,0.01997%,0.1190%,"?4,882.00",?9.08,?454.59,"?10,634.80","?3,818.52"
67,2/7/2021,facebook_tier1,social,349043,478000,"?27,314.40",2390,45,5,"?24,905.00",-0.088%,0.0050%,0.01883%,0.1111%,"?4,981.00",?11.43,?606.99,"-?2,409.40","?5,462.88"
68,2/7/2021,facebOOK_tier2,social,348934,659000,"?38,485.60",3295,66,5,"?23,735.00",-0.383%,0.0050%,0.02003%,0.0758%,"?4,747.00",?11.68,?583.12,"-?14,750.60","?7,697.12"
69,2/7/2021,google_hot,search,89459845,44650,"?6,426.00",893,18,2,"?14,152.00",1.202%,0.0200%,0.02016%,0.1111%,"?7,076.00",?7.20,?357.00,"?7,726.00","?3,213.00"
70,2/7/2021,google_wide,search,127823,1137473,"?18,102.10",2404,48,5,"?17,845.00",-0.014%,0.0021%,0.01997%,0.1042%,"?3,569.00",?7.53,?377.13,-?257.10,"?3,620.42"
71,2/7/2021,youtube_blogger,influencer,10934,694624,"?31,680.10",4505,82,15,"?119,715.00",2.779%,0.0065%,0.01820%,0.1829%,"?7,981.00",?7.03,?386.34,"?88,034.90","?2,112.01"
72,2/7/2021,instagram_tier1,social,9034945,1246126,"?37,965.90",2696,100,11,"?65,791.00",0.733%,0.0022%,0.03709%,0.1100%,"?5,981.00",?14.08,?379.66,"?27,825.10","?3,451.45"
73,2/7/2021,instagram_tier2,social,983498,567096,"?6,747.94",5103,199,2,"?3,962.00",-0.413%,0.0090%,0.03900%,0.0101%,"?1,981.00",?1.32,?33.91,"-?2,785.94","?3,373.97"
74,2/7/2021,facebook_retargeting,social,4387490,9938,"?3,435.44",294,6,1,"?4,981.00",0.450%,0.0296%,0.02041%,0.1667%,"?4,981.00",?11.69,?572.57,"?1,545.56","?3,435.44"
75,2/7/2021,facebook_lal,social,544756,174221,"?10,104.90",1197,6,1,?981.00,-0.903%,0.0069%,0.00501%,0.1667%,?981.00,?8.44,"?1,684.15","-?9,123.90","?10,104.90"
76,2/7/2021,instagram_blogger,influencer,374754,300700,"?46,167.60",3007,93,12,"?68,076.00",0.475%,0.0100%,0.03093%,0.1290%,"?5,673.00",?15.35,?496.43,"?21,908.40","?3,847.30"
77,2/7/2021,banner_partner,media,39889,3957603,"?79,987.70",4203,142,27,"?90,504.00",0.131%,0.0011%,0.03379%,0.1901%,"?3,352.00",?19.03,?563.29,"?10,516.30","?2,962.51"
78,2/8/2021,facebook_tier1,social,349043,479000,"?27,210.40",2395,36,5,"?22,345.00",-0.179%,0.0050%,0.01503%,0.1389%,"?4,469.00",?11.36,?755.84,"-?4,865.40","?5,442.08"
79,2/8/2021,facebOOK_tier2,social,348934,472656,"?33,752.80",3290,66,5,"?28,670.00",-0.151%,0.0070%,0.02006%,0.0758%,"?5,734.00",?10.26,?511.41,"-?5,082.80","?6,750.56"
80,2/8/2021,google_hot,search,89459845,51350,"?6,918.85",904,20,2,"?16,240.00",1.347%,0.0176%,0.02212%,0.1000%,"?8,120.00",?7.65,?345.94,"?9,321.15","?3,459.43"
81,2/8/2021,google_wide,search,127823,478000,"?16,567.50",2390,48,5,"?16,995.00",0.026%,0.0050%,0.02008%,0.1042%,"?3,399.00",?6.93,?345.16,?427.50,"?3,313.50"
82,2/8/2021,youtube_blogger,influencer,10934,685530,"?33,892.60",4491,79,16,"?120,176.00",2.546%,0.0066%,0.01759%,0.2025%,"?7,511.00",?7.55,?429.02,"?86,283.40","?2,118.29"
83,2/8/2021,instagram_tier1,social,9034945,472836,?330.76,2690,1,0,?0.00,-1.000%,0.0057%,0.00037%,0.0000%,?0.00,?0.12,?330.76,-?330.76,?0.00
84,2/8/2021,instagram_tier2,social,983498,1020000,"?2,057.30",5100,102,1,"?1,981.00",-0.037%,0.0050%,0.02000%,0.0098%,"?1,981.00",?0.40,?20.17,-?76.30,"?2,057.30"
85,2/8/2021,facebook_retargeting,social,4387490,10067,"?4,336.04",302,10,2,"?10,036.00",1.315%,0.0300%,0.03311%,0.2000%,"?5,018.00",?14.36,?433.60,"?5,699.96","?2,168.02"
86,2/8/2021,facebook_lal,social,544756,120200,"?40,099.00",1202,24,5,"?4,905.00",-0.878%,0.0100%,0.01997%,0.2083%,?981.00,?33.36,"?1,670.79","-?35,194.00","?8,019.80"
87,2/8/2021,instagram_blogger,influencer,374754,361650,"?31,154.30",2991,60,9,"?45,027.00",0.445%,0.0083%,0.02006%,0.1500%,"?5,003.00",?10.42,?519.24,"?13,872.70","?3,461.59"
88,2/8/2021,banner_partner,media,39889,2233790,"?31,883.90",4197,84,10,"?42,280.00",0.326%,0.0019%,0.02001%,0.1190%,"?4,228.00",?7.60,?379.57,"?10,396.10","?3,188.39"
89,2/9/2021,facebook_tier1,social,349043,478600,"?49,036.50",2393,68,9,"?42,813.00",-0.127%,0.0050%,0.02842%,0.1324%,"?4,757.00",?20.49,?721.13,"-?6,223.50","?5,448.50"
90,2/9/2021,facebOOK_tier2,social,348934,555116,"?62,119.40",3303,96,11,"?54,791.00",-0.118%,0.0060%,0.02906%,0.1146%,"?4,981.00",?18.81,?647.08,"-?7,328.40","?5,647.22"
91,2/9/2021,google_hot,search,89459845,44900,"?3,095.21",898,5,1,"?7,998.00",1.584%,0.0200%,0.00557%,0.2000%,"?7,998.00",?3.45,?619.04,"?4,902.79","?3,095.21"
92,2/9/2021,google_wide,search,127823,478600,"?20,299.30",2393,48,5,"?14,905.00",-0.266%,0.0050%,0.02006%,0.1042%,"?2,981.00",?8.48,?422.90,"-?5,394.30","?4,059.86"
93,2/9/2021,youtube_blogger,influencer,10934,491821,"?27,833.00",4495,90,18,"?143,658.00",4.161%,0.0091%,0.02002%,0.2000%,"?7,981.00",?6.19,?309.26,"?115,825.00","?1,546.28"
94,2/9/2021,instagram_tier1,social,9034945,759532,"?10,317.00",2701,19,3,"?19,800.00",0.919%,0.0036%,0.00703%,0.1579%,"?6,600.00",?3.82,?543.00,"?9,483.00","?3,439.00"
95,2/9/2021,instagram_tier2,social,983498,1022000,"?7,398.26",5110,102,3,"?5,943.00",-0.197%,0.0050%,0.01996%,0.0294%,"?1,981.00",?1.45,?72.53,"-?1,455.26","?2,466.09"
96,2/9/2021,facebook_retargeting,social,4387490,9721,"?2,152.37",290,6,1,"?4,353.00",1.022%,0.0298%,0.02069%,0.1667%,"?4,353.00",?7.42,?358.73,"?2,200.63","?2,152.37"
97,2/9/2021,facebook_lal,social,544756,189854,"?29,091.40",1198,24,3,"?2,943.00",-0.899%,0.0063%,0.02003%,0.1250%,?981.00,?24.28,"?1,212.14","-?26,148.40","?9,697.13"
98,2/9/2021,instagram_blogger,influencer,374754,346068,"?57,642.40",3006,99,15,"?89,460.00",0.552%,0.0087%,0.03293%,0.1515%,"?5,964.00",?19.18,?582.25,"?31,817.60","?3,842.83"
99,2/9/2021,banner_partner,media,39889,3736884,"?44,731.70",4190,84,13,"?51,259.00",0.146%,0.0011%,0.02005%,0.1548%,"?3,943.00",?10.68,?532.52,"?6,527.30","?3,440.90"
100,2/10/2021,facebook_tier1,social,349043,961800,"?43,386.40",4809,96,8,"?42,400.00",-0.023%,0.0050%,0.01996%,0.0833%,"?5,300.00",?9.02,?451.94,-?986.40,"?5,423.30"
101,2/10/2021,facebOOK_tier2,social,348934,852250,"?43,865.90",6596,132,7,"?34,867.00",-0.205%,0.0077%,0.02001%,0.0530%,"?4,981.00",?6.65,?332.32,"-?8,998.90","?6,266.56"
102,2/10/2021,google_hot,search,89459845,108748,"?51,883.10",1797,57,11,"?86,724.00",0.672%,0.0165%,0.03172%,0.1930%,"?7,884.00",?28.87,?910.23,"?34,840.90","?4,716.65"
103,2/10/2021,google_wide,search,127823,797238,"?67,577.80",4797,154,19,"?42,598.00",-0.370%,0.0060%,0.03210%,0.1234%,"?2,242.00",?14.09,?438.82,"-?24,979.80","?3,556.73"
104,2/10/2021,youtube_blogger,influencer,10934,1469962,"?19,831.40",8998,80,16,"?130,768.00",5.594%,0.0061%,0.00889%,0.2000%,"?8,173.00",?2.20,?247.89,"?110,936.60","?1,239.46"
105,2/10/2021,instagram_tier1,social,9034945,3858193,"?38,890.30",5406,186,14,"?83,734.00",1.153%,0.0014%,0.03441%,0.0753%,"?5,981.00",?7.19,?209.09,"?44,843.70","?2,777.88"
106,2/10/2021,instagram_tier2,social,983498,2040000,"?14,147.90",10200,395,4,"?7,924.00",-0.440%,0.0050%,0.03873%,0.0101%,"?1,981.00",?1.39,?35.82,"-?6,223.90","?3,536.98"
107,2/10/2021,facebook_retargeting,social,4387490,18399,"?12,713.00",599,22,5,"?27,065.00",1.129%,0.0326%,0.03673%,0.2273%,"?5,413.00",?21.22,?577.86,"?14,352.00","?2,542.60"
108,2/10/2021,facebook_lal,social,544756,321713,"?131,236.00",2396,88,15,"?14,715.00",-0.888%,0.0074%,0.03673%,0.1705%,?981.00,?54.77,"?1,491.32","-?116,521.00","?8,749.07"
109,2/10/2021,instagram_blogger,influencer,374754,489728,"?126,901.00",6005,187,34,"?143,888.00",0.134%,0.0123%,0.03114%,0.1818%,"?4,232.00",?21.13,?678.61,"?16,987.00","?3,732.38"
110,2/10/2021,banner_partner,media,39889,5219501,"?179,519.00",8391,302,60,"?196,680.00",0.096%,0.0016%,0.03599%,0.1987%,"?3,278.00",?21.39,?594.43,"?17,161.00","?2,991.98"
111,2/11/2021,facebook_tier1,social,349043,1061233,"?105,681.00",7206,144,23,"?105,225.00",-0.004%,0.0068%,0.01998%,0.1597%,"?4,575.00",?14.67,?733.90,-?456.00,"?4,594.83"
112,2/11/2021,facebOOK_tier2,social,348934,4564542,"?188,516.00",9895,304,28,"?131,068.00",-0.305%,0.0022%,0.03072%,0.0921%,"?4,681.00",?19.05,?620.12,"-?57,448.00","?6,732.71"
113,2/11/2021,google_hot,search,89459845,134600,"?26,220.40",2692,54,6,"?48,990.00",0.868%,0.0200%,0.02006%,0.1111%,"?8,165.00",?9.74,?485.56,"?22,769.60","?4,370.07"
114,2/11/2021,google_wide,search,127823,1254537,"?51,422.50",7198,144,14,"?41,986.00",-0.184%,0.0057%,0.02001%,0.0972%,"?2,999.00",?7.14,?357.10,"-?9,436.50","?3,673.04"
115,2/11/2021,youtube_blogger,influencer,10934,1210466,"?197,161.00",13506,474,95,"?831,820.00",3.219%,0.0112%,0.03510%,0.2004%,"?8,756.00",?14.60,?415.95,"?634,659.00","?2,075.38"
116,2/11/2021,instagram_tier1,social,9034945,2224531,?348.99,8106,1,0,?0.00,-1.000%,0.0036%,0.00012%,0.0000%,?0.00,?0.04,?348.99,-?348.99,?0.00
117,2/11/2021,instagram_tier2,social,983498,3058200,"?4,138.73",15291,114,1,"?2,771.00",-0.330%,0.0050%,0.00746%,0.0088%,"?2,771.00",?0.27,?36.30,"-?1,367.73","?4,138.73"
118,2/11/2021,facebook_retargeting,social,4387490,26774,"?17,711.10",893,27,6,"?29,886.00",0.687%,0.0334%,0.03024%,0.2222%,"?4,981.00",?19.83,?655.97,"?12,174.90","?2,951.85"
119,2/11/2021,facebook_lal,social,544756,359500,"?6,171.15",3595,5,1,?677.00,-0.890%,0.0100%,0.00139%,0.2000%,?677.00,?1.72,"?1,234.23","-?5,494.15","?6,171.15"
120,2/11/2021,instagram_blogger,influencer,374754,900400,"?128,751.00",9004,227,29,"?143,869.00",0.117%,0.0100%,0.02521%,0.1278%,"?4,961.00",?14.30,?567.19,"?15,118.00","?4,439.69"
121,2/11/2021,banner_partner,media,39889,5125187,"?193,124.00",12602,482,57,"?226,917.00",0.175%,0.0025%,0.03825%,0.1183%,"?3,981.00",?15.32,?400.67,"?33,793.00","?3,388.14"
122,2/12/2021,facebook_tier1,social,349043,1804868,"?110,004.00",9607,192,23,"?96,163.00",-0.126%,0.0053%,0.01999%,0.1198%,"?4,181.00",?11.45,?572.94,"-?13,841.00","?4,782.78"
123,2/12/2021,facebOOK_tier2,social,348934,2639200,"?191,722.00",13196,325,32,"?176,512.00",-0.079%,0.0050%,0.02463%,0.0985%,"?5,516.00",?14.53,?589.91,"-?15,210.00","?5,991.31"
124,2/12/2021,google_hot,search,89459845,161493,"?59,745.30",3602,72,14,"?122,710.00",1.054%,0.0223%,0.01999%,0.1944%,"?8,765.00",?16.59,?829.80,"?62,964.70","?4,267.52"
125,2/12/2021,google_wide,search,127823,1502383,"?86,733.10",9605,192,19,"?56,639.00",-0.347%,0.0064%,0.01999%,0.0990%,"?2,981.00",?9.03,?451.73,"-?30,094.10","?4,564.90"
126,2/12/2021,youtube_blogger,influencer,10934,1299708,"?121,652.00",17994,378,61,"?486,841.00",3.002%,0.0138%,0.02101%,0.1614%,"?7,981.00",?6.76,?321.83,"?365,189.00","?1,994.30"
127,2/12/2021,instagram_tier1,social,9034945,3735390,"?26,659.90",10806,115,9,"?53,523.00",1.008%,0.0029%,0.01064%,0.0783%,"?5,947.00",?2.47,?231.83,"?26,863.10","?2,962.21"
128,2/12/2021,instagram_tier2,social,983498,7156880,"?49,060.30",20391,408,15,"?29,715.00",-0.394%,0.0028%,0.02001%,0.0368%,"?1,981.00",?2.41,?120.25,"-?19,345.30","?3,270.69"
129,2/12/2021,facebook_retargeting,social,4387490,42587,"?11,278.30",1207,34,8,"?39,848.00",2.533%,0.0283%,0.02817%,0.2353%,"?4,981.00",?9.34,?331.71,"?28,569.70","?1,409.79"
130,2/12/2021,facebook_lal,social,544756,480000,"?44,580.90",4800,33,5,"?6,945.00",-0.844%,0.0100%,0.00688%,0.1515%,"?1,389.00",?9.29,"?1,350.94","-?37,635.90","?8,916.18"
131,2/12/2021,instagram_blogger,influencer,374754,1200300,"?308,572.00",12003,412,79,"?393,499.00",0.275%,0.0100%,0.03432%,0.1917%,"?4,981.00",?25.71,?748.96,"?84,927.00","?3,905.97"
132,2/12/2021,banner_partner,media,39889,10819771,"?145,201.00",16808,336,49,"?195,069.00",0.343%,0.0016%,0.01999%,0.1458%,"?3,981.00",?8.64,?432.15,"?49,868.00","?2,963.29"
133,2/13/2021,facebook_tier1,social,349043,1496322,"?308,692.00",11990,397,60,"?341,880.00",0.108%,0.0080%,0.03311%,0.1511%,"?5,698.00",?25.75,?777.56,"?33,188.00","?5,144.87"
134,2/13/2021,facebOOK_tier2,social,348934,2358224,"?325,444.00",16506,655,52,"?262,184.00",-0.194%,0.0070%,0.03968%,0.0794%,"?5,042.00",?19.72,?496.86,"-?63,260.00","?6,258.54"
135,2/13/2021,google_hot,search,89459845,225350,"?61,588.10",4507,100,17,"?152,660.00",1.479%,0.0200%,0.02219%,0.1700%,"?8,980.00",?13.66,?615.88,"?91,071.90","?3,622.83"
136,2/13/2021,google_wide,search,127823,3452027,"?216,562.00",12010,378,56,"?123,088.00",-0.432%,0.0035%,0.03147%,0.1481%,"?2,198.00",?18.03,?572.92,"-?93,474.00","?3,867.18"
137,2/13/2021,youtube_blogger,influencer,10934,2250900,"?205,045.00",22509,790,158,"?1,296,550.00",5.323%,0.0100%,0.03510%,0.2000%,"?8,206.01",?9.11,?259.55,"?1,091,505.00","?1,297.75"
138,2/13/2021,instagram_tier1,social,9034945,2698200,"?88,844.80",13491,219,26,"?176,384.00",0.985%,0.0050%,0.01623%,0.1187%,"?6,784.00",?6.59,?405.68,"?87,539.20","?3,417.11"
139,2/13/2021,instagram_tier2,social,983498,5100600,"?16,656.80",25503,510,6,"?10,134.00",-0.392%,0.0050%,0.02000%,0.0118%,"?1,689.00",?0.65,?32.66,"-?6,522.80","?2,776.13"
140,2/13/2021,facebook_retargeting,social,4387490,50333,"?8,367.08",1510,19,4,"?18,828.00",1.250%,0.0300%,0.01258%,0.2105%,"?4,707.00",?5.54,?440.37,"?10,460.92","?2,091.77"
141,2/13/2021,facebook_lal,social,544756,495013,"?171,332.00",6006,128,19,"?24,035.00",-0.860%,0.0121%,0.02131%,0.1484%,"?1,265.00",?28.53,"?1,338.53","-?147,297.00","?9,017.47"
142,2/13/2021,instagram_blogger,influencer,374754,1499200,"?32,770.10",14992,50,8,"?43,976.00",0.342%,0.0100%,0.00334%,0.1600%,"?5,497.00",?2.19,?655.40,"?11,205.90","?4,096.26"
143,2/13/2021,banner_partner,media,39889,17890507,"?390,105.00",20993,734,118,"?353,174.00",-0.095%,0.0012%,0.03496%,0.1608%,"?2,993.00",?18.58,?531.48,"-?36,931.00","?3,305.97"
144,2/14/2021,facebook_tier1,social,349043,2452315,"?60,244.90",14406,110,14,"?63,560.00",0.055%,0.0059%,0.00764%,0.1273%,"?4,540.00",?4.18,?547.68,"?3,315.10","?4,303.21"
145,2/14/2021,facebOOK_tier2,social,348934,7936534,"?197,948.00",19797,396,30,"?149,430.00",-0.245%,0.0025%,0.02000%,0.0758%,"?4,981.00",?10.00,?499.87,"-?48,518.00","?6,598.27"
146,2/14/2021,google_hot,search,89459845,263754,"?56,440.30",5409,90,11,"?84,183.00",0.492%,0.0205%,0.01664%,0.1222%,"?7,653.00",?10.43,?627.11,"?27,742.70","?5,130.94"
147,2/14/2021,google_wide,search,127823,3111389,"?196,998.00",14390,498,48,"?101,280.00",-0.486%,0.0046%,0.03461%,0.0964%,"?2,110.00",?13.69,?395.58,"-?95,718.00","?4,104.13"
148,2/14/2021,youtube_blogger,influencer,10934,2511956,"?231,751.00",26993,540,85,"?733,550.00",2.165%,0.0107%,0.02001%,0.1574%,"?8,630.00",?8.59,?429.17,"?501,799.00","?2,726.48"
149,2/14/2021,instagram_tier1,social,9034945,3239400,"?312,844.00",16197,604,72,"?377,352.00",0.206%,0.0050%,0.03729%,0.1192%,"?5,241.00",?19.31,?517.95,"?64,508.00","?4,345.06"
150,2/14/2021,instagram_tier2,social,983498,5130500,"?218,228.00",30602,935,54,"?119,718.00",-0.451%,0.0060%,0.03055%,0.0578%,"?2,217.00",?7.13,?233.40,"-?98,510.00","?4,041.26"
151,2/14/2021,facebook_retargeting,social,4387490,55495,"?4,764.34",1790,10,2,"?10,902.00",1.288%,0.0323%,0.00559%,0.2000%,"?5,451.00",?2.66,?476.43,"?6,137.66","?2,382.17"
152,2/14/2021,facebook_lal,social,544756,605220,"?170,719.00",7205,142,21,"?14,280.00",-0.916%,0.0119%,0.01971%,0.1479%,?680.00,?23.69,"?1,202.25","-?156,439.00","?8,129.48"
153,2/14/2021,instagram_blogger,influencer,374754,2429465,"?205,870.00",17998,354,53,"?306,817.00",0.490%,0.0074%,0.01967%,0.1497%,"?5,789.00",?11.44,?581.55,"?100,947.00","?3,884.34"
154,2/14/2021,banner_partner,media,39889,7218480,"?225,274.00",25190,504,76,"?236,056.00",0.048%,0.0035%,0.02001%,0.1508%,"?3,106.00",?8.94,?446.97,"?10,782.00","?2,964.13"
155,2/15/2021,facebook_tier1,social,349043,3361800,"?168,064.00",16809,247,30,"?149,430.00",-0.111%,0.0050%,0.01469%,0.1215%,"?4,981.00",?10.00,?680.42,"-?18,634.00","?5,602.13"
156,2/15/2021,facebOOK_tier2,social,348934,3441545,"?593,576.00",23103,694,81,"?403,461.00",-0.320%,0.0067%,0.03004%,0.1167%,"?4,981.00",?25.69,?855.30,"-?190,115.00","?7,328.10"
157,2/15/2021,google_hot,search,89459845,315350,"?82,930.70",6307,126,19,"?138,073.00",0.665%,0.0200%,0.01998%,0.1508%,"?7,267.00",?13.15,?658.18,"?55,142.30","?4,364.77"
158,2/15/2021,google_wide,search,127823,3359600,"?124,854.00",16798,336,31,"?92,411.00",-0.260%,0.0050%,0.02000%,0.0923%,"?2,981.00",?7.43,?371.59,"-?32,443.00","?4,027.55"
159,2/15/2021,youtube_blogger,influencer,10934,2478877,"?151,480.00",31504,630,98,"?782,138.00",4.163%,0.0127%,0.02000%,0.1556%,"?7,981.00",?4.81,?240.44,"?630,658.00","?1,545.71"
160,2/15/2021,instagram_tier1,social,9034945,3780200,"?136,269.00",18901,378,45,"?269,145.00",0.975%,0.0050%,0.02000%,0.1190%,"?5,981.00",?7.21,?360.50,"?132,876.00","?3,028.20"
161,2/15/2021,instagram_tier2,social,983498,7138400,"?37,098.60",35692,916,11,"?21,791.00",-0.413%,0.0050%,0.02566%,0.0120%,"?1,981.00",?1.04,?40.50,"-?15,307.60","?3,372.60"
162,2/15/2021,facebook_retargeting,social,4387490,63986,"?14,609.50",2099,28,5,"?24,905.00",0.705%,0.0328%,0.01334%,0.1786%,"?4,981.00",?6.96,?521.77,"?10,295.50","?2,921.90"
163,2/15/2021,facebook_lal,social,544756,1093435,"?6,587.76",8402,4,1,?741.00,-0.888%,0.0077%,0.00048%,0.2500%,?741.00,?0.78,"?1,646.94","-?5,846.76","?6,587.76"
164,2/15/2021,instagram_blogger,influencer,374754,2100700,"?82,452.00",21007,122,24,"?103,392.00",0.254%,0.0100%,0.00581%,0.1967%,"?4,308.00",?3.92,?675.84,"?20,940.00","?3,435.50"
165,2/15/2021,banner_partner,media,39889,8747458,"?543,275.00",29390,1061,171,"?809,685.00",0.490%,0.0034%,0.03610%,0.1612%,"?4,735.00",?18.49,?512.04,"?266,410.00","?3,177.05"
166,2/16/2021,facebook_tier1,social,349043,3839000,"?393,027.00",19195,384,64,"?336,448.00",-0.144%,0.0050%,0.02001%,0.1667%,"?5,257.00",?20.48,"?1,023.51","-?56,579.00","?6,141.05"
167,2/16/2021,facebOOK_tier2,social,348934,5280000,"?595,176.00",26400,923,80,"?392,160.00",-0.341%,0.0050%,0.03496%,0.0867%,"?4,902.00",?22.54,?644.83,"-?203,016.00","?7,439.70"
168,2/16/2021,google_hot,search,89459845,373184,"?102,053.00",7198,144,22,"?185,482.00",0.818%,0.0193%,0.02001%,0.1528%,"?8,431.00",?14.18,?708.70,"?83,429.00","?4,638.77"
169,2/16/2021,google_wide,search,127823,3841400,"?271,906.00",19207,666,67,"?199,727.00",-0.265%,0.0050%,0.03467%,0.1006%,"?2,981.00",?14.16,?408.27,"-?72,179.00","?4,058.30"
170,2/16/2021,youtube_blogger,influencer,10934,4371118,"?221,258.00",35999,720,128,"?1,021,570.00",3.617%,0.0082%,0.02000%,0.1778%,"?7,981.02",?6.15,?307.30,"?800,312.00","?1,728.58"
171,2/16/2021,instagram_tier1,social,9034945,4319200,"?143,680.00",21596,432,34,"?171,972.00",0.197%,0.0050%,0.02000%,0.0787%,"?5,058.00",?6.65,?332.59,"?28,292.00","?4,225.88"
172,2/16/2021,instagram_tier2,social,983498,15988504,"?103,731.00",40794,816,24,"?41,424.00",-0.601%,0.0026%,0.02000%,0.0294%,"?1,726.00",?2.54,?127.12,"-?62,307.00","?4,322.13"
173,2/16/2021,facebook_retargeting,social,4387490,80233,"?31,712.00",2407,48,12,"?59,772.00",0.885%,0.0300%,0.01994%,0.2500%,"?4,981.00",?13.17,?660.67,"?28,060.00","?2,642.67"
174,2/16/2021,facebook_lal,social,544756,1576818,"?345,629.00",9597,292,39,"?25,857.00",-0.925%,0.0061%,0.03043%,0.1336%,?663.00,?36.01,"?1,183.66","-?319,772.00","?8,862.28"
175,2/16/2021,instagram_blogger,influencer,374754,3937010,"?620,903.00",23994,833,160,"?939,360.00",0.513%,0.0061%,0.03472%,0.1921%,"?5,871.00",?25.88,?745.38,"?318,457.00","?3,880.64"
176,2/16/2021,banner_partner,media,39889,56876855,"?206,424.00",33592,416,62,"?246,822.00",0.196%,0.0006%,0.01238%,0.1490%,"?3,981.00",?6.15,?496.21,"?40,398.00","?3,329.42"
177,2/17/2021,facebook_tier1,social,349043,4320600,"?489,831.00",21603,652,86,"?428,366.00",-0.125%,0.0050%,0.03018%,0.1319%,"?4,981.00",?22.67,?751.27,"-?61,465.00","?5,695.71"
178,2/17/2021,facebOOK_tier2,social,348934,6102420,"?403,691.00",29704,594,61,"?303,841.00",-0.247%,0.0049%,0.02000%,0.1027%,"?4,981.00",?13.59,?679.61,"-?99,850.00","?6,617.89"
179,2/17/2021,google_hot,search,89459845,490058,"?116,213.00",8104,162,31,"?227,726.00",0.960%,0.0165%,0.01999%,0.1914%,"?7,346.00",?14.34,?717.36,"?111,513.00","?3,748.81"
180,2/17/2021,google_wide,search,127823,4319200,"?180,223.00",21596,442,44,"?136,708.00",-0.241%,0.0050%,0.02047%,0.0995%,"?3,107.00",?8.35,?407.74,"-?43,515.00","?4,095.98"
181,2/17/2021,youtube_blogger,influencer,10934,4049400,"?363,811.00",40494,746,149,"?1,189,170.00",2.269%,0.0100%,0.01842%,0.1997%,"?7,981.01",?8.98,?487.68,"?825,359.00","?2,441.68"
182,2/17/2021,instagram_tier1,social,9034945,4999407,"?246,023.00",24294,606,73,"?496,546.00",1.018%,0.0049%,0.02494%,0.1205%,"?6,802.00",?10.13,?405.98,"?250,523.00","?3,370.18"
183,2/17/2021,instagram_tier2,social,983498,32964848,"?162,819.00",45907,974,46,"?121,900.00",-0.251%,0.0014%,0.02122%,0.0472%,"?2,650.00",?3.55,?167.17,"-?40,919.00","?3,539.54"
184,2/17/2021,facebook_retargeting,social,4387490,84332,"?31,422.50",2698,54,11,"?45,441.00",0.446%,0.0320%,0.02001%,0.2037%,"?4,131.00",?11.65,?581.90,"?14,018.50","?2,856.59"
185,2/17/2021,facebook_lal,social,544756,1361187,"?291,254.00",10810,216,32,"?31,392.00",-0.892%,0.0079%,0.01998%,0.1481%,?981.00,?26.94,"?1,348.40","-?259,862.00","?9,101.69"
186,2/17/2021,instagram_blogger,influencer,374754,2795511,"?462,606.00",26990,795,119,"?592,739.00",0.281%,0.0097%,0.02946%,0.1497%,"?4,981.00",?17.14,?581.89,"?130,133.00","?3,887.45"
187,2/17/2021,banner_partner,media,39889,16553044,"?523,398.00",37805,756,142,"?565,302.00",0.080%,0.0023%,0.02000%,0.1878%,"?3,981.00",?13.84,?692.33,"?41,904.00","?3,685.90"
188,2/18/2021,facebook_tier1,social,349043,4798200,"?30,892.20",23991,61,6,"?25,686.00",-0.169%,0.0050%,0.00254%,0.0984%,"?4,281.00",?1.29,?506.43,"-?5,206.20","?5,148.70"
189,2/18/2021,facebOOK_tier2,social,348934,4678356,"?373,294.00",33003,1313,51,"?237,711.00",-0.363%,0.0071%,0.03978%,0.0388%,"?4,661.00",?11.31,?284.31,"-?135,583.00","?7,319.49"
190,2/18/2021,google_hot,search,89459845,527210,"?119,542.00",9004,162,28,"?214,368.00",0.793%,0.0171%,0.01799%,0.1728%,"?7,656.00",?13.28,?737.91,"?94,826.00","?4,269.36"
191,2/18/2021,google_wide,search,127823,10593685,"?200,986.00",24005,480,43,"?93,353.00",-0.536%,0.0023%,0.02000%,0.0896%,"?2,171.00",?8.37,?418.72,"-?107,633.00","?4,674.09"
192,2/18/2021,youtube_blogger,influencer,10934,4064081,"?86,522.90",45004,144,31,"?256,897.00",1.969%,0.0111%,0.00320%,0.2153%,"?8,287.00",?1.92,?600.85,"?170,374.10","?2,791.06"
193,2/18/2021,instagram_tier1,social,9034945,11212959,"?241,388.00",27009,599,72,"?430,632.00",0.784%,0.0024%,0.02218%,0.1202%,"?5,981.00",?8.94,?402.98,"?189,244.00","?3,352.61"
194,2/18/2021,instagram_tier2,social,983498,13281923,"?58,596.40",51000,1020,16,"?36,016.00",-0.385%,0.0038%,0.02000%,0.0157%,"?2,251.00",?1.15,?57.45,"-?22,580.40","?3,662.28"
195,2/18/2021,facebook_retargeting,social,4387490,97885,"?17,176.70",2991,28,6,"?33,930.00",0.975%,0.0306%,0.00936%,0.2143%,"?5,655.00",?5.74,?613.45,"?16,753.30","?2,862.78"
196,2/18/2021,facebook_lal,social,544756,1181224,"?171,831.00",11991,128,19,"?17,917.00",-0.896%,0.0102%,0.01067%,0.1484%,?943.00,?14.33,"?1,342.43","-?153,914.00","?9,043.74"
197,2/18/2021,instagram_blogger,influencer,374754,2482796,"?518,530.00",30000,1032,134,"?796,630.00",0.536%,0.0121%,0.03440%,0.1298%,"?5,945.00",?17.28,?502.45,"?278,100.00","?3,869.63"
198,2/18/2021,banner_partner,media,39889,419970000,"?339,735.00",41997,840,114,"?516,420.00",0.520%,0.0001%,0.02000%,0.1357%,"?4,530.00",?8.09,?404.45,"?176,685.00","?2,980.13"
199,2/19/2021,facebook_tier1,social,349043,15345139,"?53,253.90",26407,71,10,"?44,550.00",-0.163%,0.0017%,0.00269%,0.1408%,"?4,455.00",?2.02,?750.05,"-?8,703.90","?5,325.39"
200,2/19/2021,facebOOK_tier2,social,348934,7260800,"?415,376.00",36304,726,58,"?288,898.00",-0.304%,0.0050%,0.02000%,0.0799%,"?4,981.00",?11.44,?572.14,"-?126,478.00","?7,161.66"
201,2/19/2021,google_hot,search,89459845,413291,"?9,777.55",9904,14,2,"?15,962.00",0.633%,0.0240%,0.00141%,0.1429%,"?7,981.00",?0.99,?698.40,"?6,184.45","?4,888.78"
202,2/19/2021,google_wide,search,127823,8455475,"?81,623.50",26406,281,20,"?72,300.00",-0.114%,0.0031%,0.01064%,0.0712%,"?3,615.00",?3.09,?290.48,"-?9,323.50","?4,081.18"
203,2/19/2021,youtube_blogger,influencer,10934,3801165,"?880,357.00",49510,1666,369,"?2,812,520.00",2.195%,0.0130%,0.03365%,0.2215%,"?7,622.01",?17.78,?528.43,"?1,932,163.00","?2,385.79"
204,2/19/2021,instagram_tier1,social,9034945,6168252,"?300,775.00",29699,1082,96,"?574,176.00",0.909%,0.0048%,0.03643%,0.0887%,"?5,981.00",?10.13,?277.98,"?273,401.00","?3,133.07"
205,2/19/2021,instagram_tier2,social,983498,11222000,"?9,908.98",56110,185,3,"?3,621.00",-0.635%,0.0050%,0.00330%,0.0162%,"?1,207.00",?0.18,?53.56,"-?6,287.98","?3,302.99"
206,2/19/2021,facebook_retargeting,social,4387490,115166,"?3,173.41",3297,7,1,"?5,199.00",0.638%,0.0286%,0.00212%,0.1429%,"?5,199.00",?0.96,?453.34,"?2,025.59","?3,173.41"
207,2/19/2021,facebook_lal,social,544756,1320200,"?440,355.00",13202,264,45,"?80,325.00",-0.818%,0.0100%,0.02000%,0.1705%,"?1,785.00",?33.36,"?1,668.01","-?360,030.00","?9,785.67"
208,2/19/2021,instagram_blogger,influencer,374754,3299900,"?404,285.00",32999,694,104,"?519,272.00",0.284%,0.0100%,0.02103%,0.1499%,"?4,993.00",?12.25,?582.54,"?114,987.00","?3,887.36"
209,2/19/2021,banner_partner,media,39889,19065489,"?492,126.00",46209,924,139,"?556,417.00",0.131%,0.0024%,0.02000%,0.1504%,"?4,003.00",?10.65,?532.60,"?64,291.00","?3,540.47"
210,2/20/2021,facebook_tier1,social,349043,9916906,"?56,874.20",28796,88,12,"?59,772.00",0.051%,0.0029%,0.00306%,0.1364%,"?4,981.00",?1.98,?646.30,"?2,897.80","?4,739.52"
211,2/20/2021,facebOOK_tier2,social,348934,7918600,"?455,831.00",39593,853,68,"?387,124.00",-0.151%,0.0050%,0.02154%,0.0797%,"?5,693.00",?11.51,?534.39,"-?68,707.00","?6,703.40"
212,2/20/2021,google_hot,search,89459845,540450,"?190,469.00",10809,359,47,"?365,378.00",0.918%,0.0200%,0.03321%,0.1309%,"?7,774.00",?17.62,?530.55,"?174,909.00","?4,052.53"
213,2/20/2021,google_wide,search,127823,5762000,"?435,770.00",28810,732,96,"?253,440.00",-0.418%,0.0050%,0.02541%,0.1311%,"?2,640.00",?15.13,?595.31,"-?182,330.00","?4,539.27"
214,2/20/2021,youtube_blogger,influencer,10934,5399300,"?303,860.00",53993,1094,182,"?1,452,540.00",3.780%,0.0100%,0.02026%,0.1664%,"?7,980.99",?5.63,?277.75,"?1,148,680.00","?1,669.56"
215,2/20/2021,instagram_tier1,social,9034945,7669421,"?404,737.00",32395,1003,139,"?847,066.00",1.093%,0.0042%,0.03096%,0.1386%,"?6,094.00",?12.49,?403.53,"?442,329.00","?2,911.78"
216,2/20/2021,instagram_tier2,social,983498,12239000,"?150,065.00",61195,1224,48,"?73,392.00",-0.511%,0.0050%,0.02000%,0.0392%,"?1,529.00",?2.45,?122.60,"-?76,673.00","?3,126.35"
217,2/20/2021,facebook_retargeting,social,4387490,111784,"?73,587.50",3594,116,24,"?119,544.00",0.625%,0.0322%,0.03228%,0.2069%,"?4,981.00",?20.48,?634.38,"?45,956.50","?3,066.15"
218,2/20/2021,facebook_lal,social,544756,1118531,"?173,041.00",14399,113,18,"?17,658.00",-0.898%,0.0129%,0.00785%,0.1593%,?981.00,?12.02,"?1,531.34","-?155,383.00","?9,613.39"
219,2/20/2021,instagram_blogger,influencer,374754,5497354,"?504,576.00",35994,822,137,"?682,397.00",0.352%,0.0065%,0.02284%,0.1667%,"?4,981.00",?14.02,?613.84,"?177,821.00","?3,683.04"
220,2/20/2021,banner_partner,media,39889,26012342,"?750,361.00",50408,1678,252,"?1,003,210.00",0.337%,0.0019%,0.03329%,0.1502%,"?3,980.99",?14.89,?447.18,"?252,849.00","?2,977.62"
221,2/21/2021,facebook_tier1,social,349043,478600,"?38,596.70",2393,66,7,"?31,094.00",-0.194%,0.0050%,0.02758%,0.1061%,"?4,442.00",?16.13,?584.80,"-?7,502.70","?5,513.81"
222,2/21/2021,facebOOK_tier2,social,348934,543787,"?39,481.00",3299,113,6,"?29,538.00",-0.252%,0.0061%,0.03425%,0.0531%,"?4,923.00",?11.97,?349.39,"-?9,943.00","?6,580.17"
223,2/21/2021,google_hot,search,89459845,49655,"?9,444.12",907,18,2,"?15,962.00",0.690%,0.0183%,0.01985%,0.1111%,"?7,981.00",?10.41,?524.67,"?6,517.88","?4,722.06"
224,2/21/2021,google_wide,search,127823,478400,"?17,476.20",2392,48,5,"?12,910.00",-0.261%,0.0050%,0.02007%,0.1042%,"?2,582.00",?7.31,?364.09,"-?4,566.20","?3,495.24"
225,2/21/2021,youtube_blogger,influencer,10934,713896,"?30,801.00",4507,90,20,"?159,620.00",4.182%,0.0063%,0.01997%,0.2222%,"?7,981.00",?6.83,?342.23,"?128,819.00","?1,540.05"
226,2/21/2021,instagram_tier1,social,9034945,555915,"?29,457.50",2709,60,10,"?55,540.00",0.885%,0.0049%,0.02215%,0.1667%,"?5,554.00",?10.87,?490.96,"?26,082.50","?2,945.75"
227,2/21/2021,instagram_tier2,social,983498,781353,"?12,503.50",5104,102,4,"?7,924.00",-0.366%,0.0065%,0.01998%,0.0392%,"?1,981.00",?2.45,?122.58,"-?4,579.50","?3,125.88"
228,2/21/2021,facebook_retargeting,social,4387490,10812,"?1,555.96",296,3,1,"?3,993.00",1.566%,0.0274%,0.01014%,0.3333%,"?3,993.00",?5.26,?518.65,"?2,437.04","?1,555.96"
229,2/21/2021,facebook_lal,social,544756,119400,"?32,169.90",1194,24,4,"?3,924.00",-0.878%,0.0100%,0.02010%,0.1667%,?981.00,?26.94,"?1,340.41","-?28,245.90","?8,042.48"
230,2/21/2021,instagram_blogger,influencer,374754,300900,"?65,006.30",3009,89,17,"?84,677.00",0.303%,0.0100%,0.02958%,0.1910%,"?4,981.00",?21.60,?730.41,"?19,670.70","?3,823.90"
231,2/21/2021,banner_partner,media,39889,42080000,"?25,023.20",4208,67,10,"?31,710.00",0.267%,0.0001%,0.01592%,0.1493%,"?3,171.00",?5.95,?373.48,"?6,686.80","?2,502.32"
232,2/22/2021,facebook_tier1,social,349043,605386,"?59,710.00",4802,96,12,"?67,632.00",0.133%,0.0079%,0.01999%,0.1250%,"?5,636.00",?12.43,?621.98,"?7,922.00","?4,975.83"
233,2/22/2021,facebOOK_tier2,social,348934,2090371,"?95,536.20",6606,132,14,"?69,734.00",-0.270%,0.0032%,0.01998%,0.1061%,"?4,981.00",?14.46,?723.76,"-?25,802.20","?6,824.01"
234,2/22/2021,google_hot,search,89459845,90500,"?30,645.40",1810,65,7,"?59,045.00",0.927%,0.0200%,0.03591%,0.1077%,"?8,435.00",?16.93,?471.47,"?28,399.60","?4,377.91"
235,2/22/2021,google_wide,search,127823,959600,"?12,348.30",4798,39,4,"?11,924.00",-0.034%,0.0050%,0.00813%,0.1026%,"?2,981.00",?2.57,?316.62,-?424.30,"?3,087.08"
236,2/22/2021,youtube_blogger,influencer,10934,757387,"?77,803.80",8997,180,42,"?359,394.00",3.619%,0.0119%,0.02001%,0.2333%,"?8,557.00",?8.65,?432.24,"?281,590.20","?1,852.47"
237,2/22/2021,instagram_tier1,social,9034945,4565811,"?33,474.70",5397,108,9,"?53,829.00",0.608%,0.0012%,0.02001%,0.0833%,"?5,981.00",?6.20,?309.95,"?20,354.30","?3,719.41"
238,2/22/2021,instagram_tier2,social,983498,2190892,"?19,196.60",10202,124,7,"?14,602.00",-0.239%,0.0047%,0.01215%,0.0565%,"?2,086.00",?1.88,?154.81,"-?4,594.60","?2,742.37"
239,2/22/2021,facebook_retargeting,social,4387490,17821,"?5,792.48",598,12,3,"?12,168.00",1.101%,0.0336%,0.02007%,0.2500%,"?4,056.00",?9.69,?482.71,"?6,375.52","?1,930.83"
240,2/22/2021,facebook_lal,social,544756,239600,"?51,783.30",2396,48,6,"?5,886.00",-0.886%,0.0100%,0.02003%,0.1250%,?981.00,?21.61,"?1,078.82","-?45,897.30","?8,630.55"
241,2/22/2021,instagram_blogger,influencer,374754,599700,"?137,382.00",5997,236,35,"?158,340.00",0.153%,0.0100%,0.03935%,0.1483%,"?4,524.00",?22.91,?582.13,"?20,958.00","?3,925.20"
242,2/22/2021,banner_partner,media,39889,105873774,"?60,021.60",8409,168,20,"?80,600.00",0.343%,0.0001%,0.01998%,0.1190%,"?4,030.00",?7.14,?357.27,"?20,578.40","?3,001.08"
243,2/23/2021,facebook_tier1,social,349043,924525,"?9,858.28",1203,28,2,"?9,962.00",0.011%,0.0013%,0.02328%,0.0714%,"?4,981.00",?8.19,?352.08,?103.72,"?4,929.14"
244,2/23/2021,facebOOK_tier2,social,348934,475992,"?19,350.00",1641,37,3,"?12,225.00",-0.368%,0.0034%,0.02255%,0.0811%,"?4,075.00",?11.79,?522.97,"-?7,125.00","?6,450.00"
245,2/23/2021,google_hot,search,89459845,22175,"?5,409.21",442,9,2,"?15,050.00",1.782%,0.0199%,0.02036%,0.2222%,"?7,525.00",?12.24,?601.02,"?9,640.79","?2,704.61"
246,2/23/2021,google_wide,search,127823,241000,"?12,581.60",1205,24,3,"?8,943.00",-0.289%,0.0050%,0.01992%,0.1250%,"?2,981.00",?10.44,?524.23,"-?3,638.60","?4,193.87"
247,2/23/2021,youtube_blogger,influencer,10934,297609,"?16,343.00",2246,45,8,"?63,848.00",2.907%,0.0075%,0.02004%,0.1778%,"?7,981.00",?7.28,?363.18,"?47,505.00","?2,042.88"
248,2/23/2021,instagram_tier1,social,9034945,536236,?557.25,1349,1,0,?0.00,-1.000%,0.0025%,0.00074%,0.0000%,?0.00,?0.41,?557.25,-?557.25,?0.00
249,2/23/2021,instagram_tier2,social,983498,512000,"?4,285.44",2560,51,2,"?2,934.00",-0.315%,0.0050%,0.01992%,0.0392%,"?1,467.00",?1.67,?84.03,"-?1,351.44","?2,142.72"
250,2/23/2021,facebook_retargeting,social,4387490,4908,"?1,238.09",155,3,1,"?5,265.00",3.253%,0.0316%,0.01935%,0.3333%,"?5,265.00",?7.99,?412.70,"?4,026.91","?1,238.09"
251,2/23/2021,facebook_lal,social,544756,60800,"?16,078.60",608,12,2,"?2,720.00",-0.831%,0.0100%,0.01974%,0.1667%,"?1,360.00",?26.45,"?1,339.88","-?13,358.60","?8,039.30"
252,2/23/2021,instagram_blogger,influencer,374754,117218,"?15,435.00",1500,31,4,"?17,816.00",0.154%,0.0128%,0.02067%,0.1290%,"?4,454.00",?10.29,?497.90,"?2,381.00","?3,858.75"
253,2/23/2021,banner_partner,media,39889,654544,"?16,706.40",2099,42,6,"?23,886.00",0.430%,0.0032%,0.02001%,0.1429%,"?3,981.00",?7.96,?397.77,"?7,179.60","?2,784.40"
254,2/24/2021,facebook_tier1,social,349043,479596,"?94,564.20",2408,93,15,"?81,825.00",-0.135%,0.0050%,0.03862%,0.1613%,"?5,455.00",?39.27,"?1,016.82","-?12,739.20","?6,304.28"
255,2/24/2021,facebOOK_tier2,social,348934,395127,"?44,347.20",3297,66,7,"?34,867.00",-0.214%,0.0083%,0.02002%,0.1061%,"?4,981.00",?13.45,?671.93,"-?9,480.20","?6,335.31"
256,2/24/2021,google_hot,search,89459845,45150,"?14,306.20",903,18,3,"?23,943.00",0.674%,0.0200%,0.01993%,0.1667%,"?7,981.00",?15.84,?794.79,"?9,636.80","?4,768.73"
257,2/24/2021,google_wide,search,127823,291441,"?22,357.60",2408,52,5,"?19,060.00",-0.147%,0.0083%,0.02159%,0.0962%,"?3,812.00",?9.28,?429.95,"-?3,297.60","?4,471.52"
258,2/24/2021,youtube_blogger,influencer,10934,409320,"?22,944.30",4508,65,14,"?111,734.00",3.870%,0.0110%,0.01442%,0.2154%,"?7,981.00",?5.09,?352.99,"?88,789.70","?1,638.88"
259,2/24/2021,instagram_tier1,social,9034945,869482,"?23,908.40",2703,42,7,"?36,456.00",0.525%,0.0031%,0.01554%,0.1667%,"?5,208.00",?8.85,?569.25,"?12,547.60","?3,415.49"
260,2/24/2021,instagram_tier2,social,983498,624157,"?18,675.00",5098,122,6,"?10,590.00",-0.433%,0.0082%,0.02393%,0.0492%,"?1,765.00",?3.66,?153.07,"-?8,085.00","?3,112.50"
261,2/24/2021,facebook_retargeting,social,4387490,8966,"?2,857.10",297,6,1,"?4,981.00",0.743%,0.0331%,0.02020%,0.1667%,"?4,981.00",?9.62,?476.18,"?2,123.90","?2,857.10"
262,2/24/2021,facebook_lal,social,544756,148794,"?48,796.60",1196,38,6,"?8,178.00",-0.832%,0.0080%,0.03177%,0.1579%,"?1,363.00",?40.80,"?1,284.12","-?40,618.60","?8,132.77"
263,2/24/2021,instagram_blogger,influencer,374754,355802,"?42,311.50",2990,60,9,"?44,829.00",0.059%,0.0084%,0.02007%,0.1500%,"?4,981.00",?14.15,?705.19,"?2,517.50","?4,701.28"
264,2/24/2021,banner_partner,media,39889,2770687,"?34,169.90",4205,84,16,"?63,696.00",0.864%,0.0015%,0.01998%,0.1905%,"?3,981.00",?8.13,?406.78,"?29,526.10","?2,135.62"
265,2/25/2021,facebook_tier1,social,349043,94600,"?11,230.20",473,15,2,"?10,104.00",-0.100%,0.0050%,0.03171%,0.1333%,"?5,052.00",?23.74,?748.68,"-?1,126.20","?5,615.10"
266,2/25/2021,facebOOK_tier2,social,348934,131400,"?10,357.00",657,13,2,"?9,962.00",-0.038%,0.0050%,0.01979%,0.1538%,"?4,981.00",?15.76,?796.69,-?395.00,"?5,178.50"
267,2/25/2021,google_hot,search,89459845,8750,"?1,078.73",175,1,0,?0.00,-1.000%,0.0200%,0.00571%,0.0000%,?0.00,?6.16,"?1,078.73","-?1,078.73",?0.00
268,2/25/2021,google_wide,search,127823,61867,"?9,472.22",487,19,2,"?5,730.00",-0.395%,0.0079%,0.03901%,0.1053%,"?2,865.00",?19.45,?498.54,"-?3,742.22","?4,736.11"
269,2/25/2021,youtube_blogger,influencer,10934,94976,"?9,034.91",904,22,5,"?38,030.00",3.209%,0.0095%,0.02434%,0.2273%,"?7,606.00",?9.99,?410.68,"?28,995.09","?1,806.98"
270,2/25/2021,instagram_tier1,social,9034945,106000,"?2,304.01",530,6,1,"?5,981.00",1.596%,0.0050%,0.01132%,0.1667%,"?5,981.00",?4.35,?384.00,"?3,676.99","?2,304.01"
271,2/25/2021,instagram_tier2,social,983498,115468,"?2,059.03",1015,20,1,"?1,981.00",-0.038%,0.0088%,0.01970%,0.0500%,"?1,981.00",?2.03,?102.95,-?78.03,"?2,059.03"
272,2/25/2021,facebook_retargeting,social,4387490,2214,"?1,487.47",66,3,1,"?4,461.00",1.999%,0.0298%,0.04545%,0.3333%,"?4,461.00",?22.54,?495.82,"?2,973.53","?1,487.47"
273,2/25/2021,facebook_lal,social,544756,25000,"?5,871.29",250,5,1,?981.00,-0.833%,0.0100%,0.02000%,0.2000%,?981.00,?23.49,"?1,174.26","-?4,890.29","?5,871.29"
274,2/25/2021,instagram_blogger,influencer,374754,46753,"?6,227.53",591,12,2,"?10,130.00",0.627%,0.0126%,0.02030%,0.1667%,"?5,065.00",?10.54,?518.96,"?3,902.47","?3,113.77"
275,2/25/2021,banner_partner,media,39889,2885291,"?7,583.66",848,17,3,"?11,943.00",0.575%,0.0003%,0.02005%,0.1765%,"?3,981.00",?8.94,?446.10,"?4,359.34","?2,527.89"
276,2/26/2021,facebook_tier1,social,349043,168408,"?19,887.70",1207,39,4,"?22,488.00",0.131%,0.0072%,0.03231%,0.1026%,"?5,622.00",?16.48,?509.94,"?2,600.30","?4,971.93"
277,2/26/2021,facebOOK_tier2,social,348934,438858,"?17,935.40",1657,33,3,"?15,345.00",-0.144%,0.0038%,0.01992%,0.0909%,"?5,115.00",?10.82,?543.50,"-?2,590.40","?5,978.47"
278,2/26/2021,google_hot,search,89459845,22450,"?1,545.74",449,2,0,?0.00,-1.000%,0.0200%,0.00445%,0.0000%,?0.00,?3.44,?772.87,"-?1,545.74",?0.00
279,2/26/2021,google_wide,search,127823,240600,"?4,453.10",1203,11,1,"?2,283.00",-0.487%,0.0050%,0.00914%,0.0909%,"?2,283.00",?3.70,?404.83,"-?2,170.10","?4,453.10"
280,2/26/2021,youtube_blogger,influencer,10934,195016,"?38,804.20",2247,82,16,"?127,696.00",2.291%,0.0115%,0.03649%,0.1951%,"?7,981.00",?17.27,?473.22,"?88,891.80","?2,425.26"
281,2/26/2021,instagram_tier1,social,9034945,174375,"?12,592.40",1342,27,4,"?26,556.00",1.109%,0.0077%,0.02012%,0.1481%,"?6,639.00",?9.38,?466.39,"?13,963.60","?3,148.10"
282,2/26/2021,instagram_tier2,social,983498,508600,"?2,403.54",2543,73,1,"?1,981.00",-0.176%,0.0050%,0.02871%,0.0137%,"?1,981.00",?0.95,?32.93,-?422.54,"?2,403.54"
283,2/26/2021,facebook_retargeting,social,4387490,4906,"?1,071.16",143,3,1,"?4,981.00",3.650%,0.0291%,0.02098%,0.3333%,"?4,981.00",?7.49,?357.05,"?3,909.84","?1,071.16"
284,2/26/2021,facebook_lal,social,544756,55269,?315.92,610,0,0,?0.00,-1.000%,0.0110%,0.00000%,#DIV/0!,?0.00,?0.52,?0.00,-?315.92,?0.00
285,2/26/2021,instagram_blogger,influencer,374754,192489,"?15,596.00",1497,34,5,"?25,205.00",0.616%,0.0078%,0.02271%,0.1471%,"?5,041.00",?10.42,?458.71,"?9,609.00","?3,119.20"
286,2/26/2021,banner_partner,media,39889,20930000,"?8,087.73",2093,22,3,"?12,213.00",0.510%,0.0001%,0.01051%,0.1364%,"?4,071.00",?3.86,?367.62,"?4,125.27","?2,695.91"
287,2/27/2021,facebook_tier1,social,349043,213771,"?5,003.33",241,9,1,"?4,223.00",-0.156%,0.0011%,0.03734%,0.1111%,"?4,223.00",?20.76,?555.93,-?780.33,"?5,003.33"
288,2/27/2021,facebOOK_tier2,social,348934,66400,"?3,235.77",332,13,0,?0.00,-1.000%,0.0050%,0.03916%,0.0000%,?0.00,?9.75,?248.91,"-?3,235.77",?0.00
289,2/27/2021,google_hot,search,89459845,4662,"?1,754.25",83,2,0,?0.00,-1.000%,0.0178%,0.02410%,0.0000%,?0.00,?21.14,?877.13,"-?1,754.25",?0.00
290,2/27/2021,google_wide,search,127823,40004,"?1,487.24",243,5,0,?0.00,-1.000%,0.0061%,0.02058%,0.0000%,?0.00,?6.12,?297.45,"-?1,487.24",?0.00
291,2/27/2021,youtube_blogger,influencer,10934,44000,"?5,721.83",440,15,3,"?23,943.00",3.185%,0.0100%,0.03409%,0.2000%,"?7,981.00",?13.00,?381.46,"?18,221.17","?1,907.28"
292,2/27/2021,instagram_tier1,social,9034945,44112,"?1,832.16",275,6,1,"?5,981.00",2.264%,0.0062%,0.02182%,0.1667%,"?5,981.00",?6.66,?305.36,"?4,148.84","?1,832.16"
293,2/27/2021,instagram_tier2,social,983498,78799,?254.14,503,3,0,?0.00,-1.000%,0.0064%,0.00596%,0.0000%,?0.00,?0.51,?84.71,-?254.14,?0.00
294,2/27/2021,facebook_retargeting,social,4387490,667,?200.42,20,0,0,?0.00,-1.000%,0.0300%,0.00000%,#DIV/0!,?0.00,?10.02,?0.00,-?200.42,?0.00
295,2/27/2021,facebook_lal,social,544756,13693,"?3,098.45",115,2,0,?0.00,-1.000%,0.0084%,0.01739%,0.0000%,?0.00,?26.94,"?1,549.23","-?3,098.45",?0.00
296,2/27/2021,instagram_blogger,influencer,374754,24018,"?3,524.08",298,6,1,"?4,661.00",0.323%,0.0124%,0.02013%,0.1667%,"?4,661.00",?11.83,?587.35,"?1,136.92","?3,524.08"
297,2/27/2021,banner_partner,media,39889,182546,"?2,791.06",426,9,1,"?3,981.00",0.426%,0.0023%,0.02113%,0.1111%,"?3,981.00",?6.55,?310.12,"?1,189.94","?2,791.06"
298,2/28/2021,facebook_tier1,social,349043,97200,"?6,440.50",486,11,1,"?4,981.00",-0.227%,0.0050%,0.02263%,0.0909%,"?4,981.00",?13.25,?585.50,"-?1,459.50","?6,440.50"
299,2/28/2021,facebOOK_tier2,social,348934,132200,"?8,665.55",661,13,1,"?5,509.00",-0.364%,0.0050%,0.01967%,0.0769%,"?5,509.00",?13.11,?666.58,"-?3,156.55","?8,665.55"
300,2/28/2021,google_hot,search,89459845,11554,"?3,529.73",187,5,1,"?8,714.00",1.469%,0.0162%,0.02674%,0.2000%,"?8,714.00",?18.88,?705.95,"?5,184.27","?3,529.73"
301,2/28/2021,google_wide,search,127823,55625,?384.75,487,1,0,?0.00,-1.000%,0.0088%,0.00205%,0.0000%,?0.00,?0.79,?384.75,-?384.75,?0.00
302,2/28/2021,youtube_blogger,influencer,10934,129025,"?9,892.77",909,21,5,"?37,450.00",2.786%,0.0070%,0.02310%,0.2381%,"?7,490.00",?10.88,?471.08,"?27,557.23","?1,978.55"
303,2/28/2021,instagram_tier1,social,9034945,63566,"?4,950.74",546,12,1,"?5,981.00",0.208%,0.0086%,0.02198%,0.0833%,"?5,981.00",?9.07,?412.56,"?1,030.26","?4,950.74"
304,2/28/2021,instagram_tier2,social,983498,775780,?760.75,1024,4,0,?0.00,-1.000%,0.0013%,0.00391%,0.0000%,?0.00,?0.74,?190.19,-?760.75,?0.00
305,2/28/2021,facebook_retargeting,social,4387490,1933,?224.81,58,0,0,?0.00,-1.000%,0.0300%,0.00000%,#DIV/0!,?0.00,?3.88,?0.00,-?224.81,?0.00
306,2/28/2021,facebook_lal,social,544756,25840,"?6,844.80",248,5,1,"?1,491.00",-0.782%,0.0096%,0.02016%,0.2000%,"?1,491.00",?27.60,"?1,368.96","-?5,353.80","?6,844.80"
307,2/28/2021,instagram_blogger,influencer,374754,94058,"?4,845.65",594,12,1,"?5,008.00",0.034%,0.0063%,0.02020%,0.0833%,"?5,008.00",?8.16,?403.80,?162.35,"?4,845.65"
308,2/28/2021,banner_partner,media,39889,8490000,"?6,822.62",849,18,2,"?7,030.00",0.030%,0.0001%,0.02120%,0.1111%,"?3,515.00",?8.04,?379.03,?207.38,"?3,411.31"
,,,,,,,,,,,,,,,,,,,
